{
  "project_info": {
    "project_number": "532860229500",
    "project_id": "cinematix-fa67d",
    "storage_bucket": "cinematix-fa67d.appspot.com"
  },
  "client": [
    {
      "client_info": {
        "mobilesdk_app_id": "1:532860229500:android:8d55fd41a08c729bc6f6f9",
        "android_client_info": {
          "package_name": "com.kryptopass.cinematix"
        }
      },
      "oauth_client": [],
      "api_key": [
        {
          "current_key": "AIzaSyDqpLEakeYCe5iqwVO3fZZ6oG40Rw9zUl8"
        }
      ],
      "services": {
        "appinvite_service": {
          "other_platform_oauth_client": []
        }
      }
    }
  ],
  "configuration_version": "1"
}